<?xml version="1.0" encoding="UTF-8"?> 
<java version="1.6.0_06" class="java.beans.XMLDecoder"> 
 <object class="br.com.goals.etrilhas.modelo.Galeria"> 
  <void property="fotos"> 
   <void method="add"> 
    <object class="br.com.goals.etrilhas.modelo.Foto"> 
     <void property="txtDescricao"> 
      <string></string> 
     </void> 
     <void property="urlRelativaJpg"> 
      <string>media/fotos/images.jpg</string> 
     </void> 
    </object> 
   </void> 
  </void> 
  <void property="id"> 
   <long>7</long> 
  </void> 
  <void property="txtDescricao"> 
   <string></string> 
  </void> 
 </object> 
</java> 
