<mapa>
	<camada pid="3" nome="Bio Diversidade">
		<mapaItem icone="default.png" tipo="Galeria" pid="4" x="-22.96402467202897" y="-43.17207059506225" />
		<mapaItem icone="default.png" tipo="Video" pid="8" x="-22.966514050234675" y="-43.17636212948608" />
		<mapaItem icone="default.png" tipo="null" pid="8" x="-22.96991217506483" y="-43.182456108367916" />
		<mapaItem icone="default.png" tipo="Video" pid="9" x="-22.97583893254473" y="-43.187691780364986" />
		<mapaItem icone="default.png" tipo="Video" pid="10" x="-22.954028171645078" y="-43.197024660742805" />
		<mapaItem icone="default.png" tipo="Video" pid="10" x="-22.997450626583216" y="-43.284400301611946" />
	</camada>
	<trilha>
		<point lat="-22.96402467202897" lng="-43.17207059506225" />
		<point lat="-22.966514050234675" lng="-43.17636212948608" />
		<point lat="-22.96991217506483" lng="-43.182456108367916" />
		<point lat="-22.97583893254473" lng="-43.187691780364986" />
	</trilha>
	<msg>Mapa carregado com sucesso!</msg>
</mapa>